{
   "dashboards": [{
      "autoswitchDelay": 300,
      "autoswitchEnabled": false,
      "autoswitchTabId": "null",
      "columnCount": 1,
      "columnProportion": "1",
      "creationTime": 1574367915961,
      "dashboardNavigations": {},
      "description": "",
      "disabled": false,
      "gridsterMaxColumns": 12,
      "hidden": false,
      "homeTab": false,
      "id": "b3c88f6f-f059-47d8-8cd7-3a93d01a7c60",
      "importAttempts": 0,
      "importComplete": true,
      "isDefault": false,
      "locked": false,
      "name": "Example Dashboards (GBrandon)/Cost Showback using Super Metrics",
      "namePath": "Example Dashboards (GBrandon)",
      "rank": 2,
      "shared": true,
      "states": [{
         "key": "permDashboardTime_dashboard_b3c88f6f-f059-47d8-8cd7-3a93d01a7c60",
         "value": "o%3AdateRange%3Ds%253Alast24Hour%5EdateRangeText%3Ds%253A24H"
      }],
      "temporary": false,
      "userId": "6df558f7-25df-4222-96b9-ade784399d19",
      "widgetInteractions": [
         {
            "type": "resourceId",
            "widgetIdProvider": "55012148-26d4-4b8b-9a59-4a87cebd04cc",
            "widgetIdReceiver": "be39cfba-2bbb-4bc9-8d62-f843ea12de68"
         },
         {
            "type": "resourceId",
            "widgetIdProvider": "55012148-26d4-4b8b-9a59-4a87cebd04cc",
            "widgetIdReceiver": "e63216d8-3fbf-49a4-ab4b-e567230f7989"
         },
         {
            "type": "resourceId",
            "widgetIdProvider": "55012148-26d4-4b8b-9a59-4a87cebd04cc",
            "widgetIdReceiver": "9753a95c-4f16-4ddb-95fc-9f7e283c0e1c"
         }
      ],
      "widgets": [
         {
            "collapsed": false,
            "config": {
               "chartViewItems": [],
               "isUpdatedView": true,
               "refreshContent": {"refreshContent": false},
               "refreshInterval": 300,
               "resource": null,
               "selectFirstRow": {"selectFirstRow": false},
               "selfProvider": {"selfProvider": false},
               "title": "Monthly Cost for Selected Object",
               "traversalSpecId": "",
               "viewDefinitionId": "8058f9f8-83b7-49b3-9708-41ffdf2fb43b"
            },
            "gridsterCoords": {
               "h": 6,
               "w": 7,
               "x": 6,
               "y": 9
            },
            "height": 324,
            "id": "e63216d8-3fbf-49a4-ab4b-e567230f7989",
            "title": "Monthly Cost for Selected Object",
            "type": "View"
         },
         {
            "collapsed": false,
            "config": {
               "chartViewItems": [],
               "isUpdatedView": true,
               "refreshContent": {"refreshContent": false},
               "refreshInterval": 300,
               "resource": null,
               "selectFirstRow": {"selectFirstRow": false},
               "selfProvider": {"selfProvider": false},
               "title": "Cost per VM for this Month",
               "traversalSpecId": "",
               "viewDefinitionId": "b0d075f0-5f70-451e-9c90-d78aa74db73a"
            },
            "gridsterCoords": {
               "h": 9,
               "w": 12,
               "x": 1,
               "y": 15
            },
            "height": 495,
            "id": "9753a95c-4f16-4ddb-95fc-9f7e283c0e1c",
            "title": "Cost per VM for this Month",
            "type": "View"
         },
         {
            "collapsed": false,
            "config": {
               "chartViewItems": [],
               "isUpdatedView": true,
               "refreshContent": {"refreshContent": false},
               "refreshInterval": 300,
               "resource": {
                  "id": "Ext.vcops.chrome.model.Resource-6",
                  "resourceId": "resource:id:0_::_",
                  "resourceKindId": "002009ContainerFunction",
                  "resourceName": "Objects for Showback Reporting",
                  "traversalSpecId": ""
               },
               "selectFirstRow": {"selectFirstRow": false},
               "selfProvider": {"selfProvider": true},
               "title": "Select Group",
               "traversalSpecId": null,
               "viewDefinitionId": "56950c49-7567-4f2a-9a29-7145712894fa"
            },
            "gridsterCoords": {
               "h": 14,
               "w": 5,
               "x": 1,
               "y": 1
            },
            "height": 780,
            "id": "55012148-26d4-4b8b-9a59-4a87cebd04cc",
            "title": "Select Group",
            "type": "View"
         },
         {
            "collapsed": false,
            "config": {
               "chartViewItems": ["legend"],
               "isUpdatedView": true,
               "refreshContent": {"refreshContent": false},
               "refreshInterval": 300,
               "resource": null,
               "selectFirstRow": {"selectFirstRow": false},
               "selfProvider": {"selfProvider": false},
               "title": "Cost Over Time",
               "traversalSpecId": "",
               "viewDefinitionId": "b393f4c8-3bde-49cd-912f-3171b63ab393"
            },
            "gridsterCoords": {
               "h": 8,
               "w": 7,
               "x": 6,
               "y": 1
            },
            "height": 438,
            "id": "be39cfba-2bbb-4bc9-8d62-f843ea12de68",
            "states": [{
               "key": "perm_toolbarVisible_widget_b3c88f6f-f059-47d8-8cd7-3a93d01a7c60_be39cfba-2bbb-4bc9-8d62-f843ea12de68",
               "value": "b%3A1"
            }],
            "title": "Cost Over Time",
            "type": "View"
         }
      ]
   }],
   "entries": {"resource": [{
      "adapterKindKey": "Container",
      "identifiers": [],
      "internalId": "resource:id:0_::_",
      "name": "Objects for Showback Reporting",
      "resourceKindKey": "Function"
   }]},
   "uuid": "f7e8a7de-e309-4bbb-8051-866f9a7bd227"
}