<?xml version="1.0" encoding="UTF-8" standalone="yes"?>
<Content>
    <Views>
        <ViewDef id="56950c49-7567-4f2a-9a29-7145712894fa">
            <Title>Cost per Group</Title>
            <Description/>
            <SubjectType adapterKind="CASAdapter" filter="[[{&quot;condition&quot;:&quot;GREATER_THAN&quot;,&quot;metricKey&quot;:&quot;Super Metric|sm_d261250b-343b-4450-a861-f2053b9c36cf&quot;,&quot;metricValue&quot;:{&quot;isStringMetric&quot;:false,&quot;value&quot;:0},&quot;filterType&quot;:&quot;metrics&quot;}]]" resourceKind="Project" type="descendant"/>
            <SubjectType adapterKind="CASAdapter" filter="[[{&quot;condition&quot;:&quot;GREATER_THAN&quot;,&quot;metricKey&quot;:&quot;Super Metric|sm_d261250b-343b-4450-a861-f2053b9c36cf&quot;,&quot;metricValue&quot;:{&quot;isStringMetric&quot;:false,&quot;value&quot;:0},&quot;filterType&quot;:&quot;metrics&quot;}]]" resourceKind="Project" type="self"/>
            <SubjectType adapterKind="CASAdapter" filter="[[{&quot;condition&quot;:&quot;GREATER_THAN&quot;,&quot;metricKey&quot;:&quot;Super Metric|sm_d261250b-343b-4450-a861-f2053b9c36cf&quot;,&quot;metricValue&quot;:{&quot;isStringMetric&quot;:false,&quot;value&quot;:0},&quot;filterType&quot;:&quot;metrics&quot;}]]" resourceKind="Deployment" type="descendant"/>
            <SubjectType adapterKind="CASAdapter" filter="[[{&quot;condition&quot;:&quot;GREATER_THAN&quot;,&quot;metricKey&quot;:&quot;Super Metric|sm_d261250b-343b-4450-a861-f2053b9c36cf&quot;,&quot;metricValue&quot;:{&quot;isStringMetric&quot;:false,&quot;value&quot;:0},&quot;filterType&quot;:&quot;metrics&quot;}]]" resourceKind="Deployment" type="self"/>
            <SubjectType adapterKind="VCACAdapter" filter="[[{&quot;condition&quot;:&quot;GREATER_THAN&quot;,&quot;metricKey&quot;:&quot;Super Metric|sm_d261250b-343b-4450-a861-f2053b9c36cf&quot;,&quot;metricValue&quot;:{&quot;isStringMetric&quot;:false,&quot;value&quot;:0},&quot;filterType&quot;:&quot;metrics&quot;}]]" resourceKind="DEPLOYMENT" type="descendant"/>
            <SubjectType adapterKind="VCACAdapter" filter="[[{&quot;condition&quot;:&quot;GREATER_THAN&quot;,&quot;metricKey&quot;:&quot;Super Metric|sm_d261250b-343b-4450-a861-f2053b9c36cf&quot;,&quot;metricValue&quot;:{&quot;isStringMetric&quot;:false,&quot;value&quot;:0},&quot;filterType&quot;:&quot;metrics&quot;}]]" resourceKind="DEPLOYMENT" type="self"/>
            <SubjectType adapterKind="CASAdapter" filter="[[{&quot;condition&quot;:&quot;GREATER_THAN&quot;,&quot;metricKey&quot;:&quot;Super Metric|sm_d261250b-343b-4450-a861-f2053b9c36cf&quot;,&quot;metricValue&quot;:{&quot;isStringMetric&quot;:false,&quot;value&quot;:0},&quot;filterType&quot;:&quot;metrics&quot;}]]" resourceKind="Organization" type="descendant"/>
            <SubjectType adapterKind="CASAdapter" filter="[[{&quot;condition&quot;:&quot;GREATER_THAN&quot;,&quot;metricKey&quot;:&quot;Super Metric|sm_d261250b-343b-4450-a861-f2053b9c36cf&quot;,&quot;metricValue&quot;:{&quot;isStringMetric&quot;:false,&quot;value&quot;:0},&quot;filterType&quot;:&quot;metrics&quot;}]]" resourceKind="Organization" type="self"/>
            <SubjectType adapterKind="CASAdapter" filter="[[{&quot;condition&quot;:&quot;GREATER_THAN&quot;,&quot;metricKey&quot;:&quot;Super Metric|sm_d261250b-343b-4450-a861-f2053b9c36cf&quot;,&quot;metricValue&quot;:{&quot;isStringMetric&quot;:false,&quot;value&quot;:0},&quot;filterType&quot;:&quot;metrics&quot;}]]" resourceKind="CloudZone" type="descendant"/>
            <SubjectType adapterKind="CASAdapter" filter="[[{&quot;condition&quot;:&quot;GREATER_THAN&quot;,&quot;metricKey&quot;:&quot;Super Metric|sm_d261250b-343b-4450-a861-f2053b9c36cf&quot;,&quot;metricValue&quot;:{&quot;isStringMetric&quot;:false,&quot;value&quot;:0},&quot;filterType&quot;:&quot;metrics&quot;}]]" resourceKind="CloudZone" type="self"/>
            <SubjectType adapterKind="Container" filter="[[{&quot;condition&quot;:&quot;GREATER_THAN&quot;,&quot;metricKey&quot;:&quot;Super Metric|sm_d261250b-343b-4450-a861-f2053b9c36cf&quot;,&quot;metricValue&quot;:{&quot;isStringMetric&quot;:false,&quot;value&quot;:0},&quot;filterType&quot;:&quot;metrics&quot;}]]" resourceKind="Security Zone" type="descendant"/>
            <SubjectType adapterKind="Container" filter="[[{&quot;condition&quot;:&quot;GREATER_THAN&quot;,&quot;metricKey&quot;:&quot;Super Metric|sm_d261250b-343b-4450-a861-f2053b9c36cf&quot;,&quot;metricValue&quot;:{&quot;isStringMetric&quot;:false,&quot;value&quot;:0},&quot;filterType&quot;:&quot;metrics&quot;}]]" resourceKind="Security Zone" type="self"/>
            <SubjectType adapterKind="VCACAdapter" filter="[[{&quot;condition&quot;:&quot;GREATER_THAN&quot;,&quot;metricKey&quot;:&quot;Super Metric|sm_d261250b-343b-4450-a861-f2053b9c36cf&quot;,&quot;metricValue&quot;:{&quot;isStringMetric&quot;:false,&quot;value&quot;:0},&quot;filterType&quot;:&quot;metrics&quot;}]]" resourceKind="RESERVATION" type="descendant"/>
            <SubjectType adapterKind="VCACAdapter" filter="[[{&quot;condition&quot;:&quot;GREATER_THAN&quot;,&quot;metricKey&quot;:&quot;Super Metric|sm_d261250b-343b-4450-a861-f2053b9c36cf&quot;,&quot;metricValue&quot;:{&quot;isStringMetric&quot;:false,&quot;value&quot;:0},&quot;filterType&quot;:&quot;metrics&quot;}]]" resourceKind="RESERVATION" type="self"/>
            <SubjectType adapterKind="VMWARE" filter="[[{&quot;condition&quot;:&quot;GREATER_THAN&quot;,&quot;metricKey&quot;:&quot;Super Metric|sm_d261250b-343b-4450-a861-f2053b9c36cf&quot;,&quot;metricValue&quot;:{&quot;isStringMetric&quot;:false,&quot;value&quot;:0},&quot;filterType&quot;:&quot;metrics&quot;}]]" resourceKind="VMFolder" type="descendant"/>
            <SubjectType adapterKind="VMWARE" filter="[[{&quot;condition&quot;:&quot;GREATER_THAN&quot;,&quot;metricKey&quot;:&quot;Super Metric|sm_d261250b-343b-4450-a861-f2053b9c36cf&quot;,&quot;metricValue&quot;:{&quot;isStringMetric&quot;:false,&quot;value&quot;:0},&quot;filterType&quot;:&quot;metrics&quot;}]]" resourceKind="VMFolder" type="self"/>
            <SubjectType adapterKind="Container" filter="[[{&quot;condition&quot;:&quot;GREATER_THAN&quot;,&quot;metricKey&quot;:&quot;Super Metric|sm_d261250b-343b-4450-a861-f2053b9c36cf&quot;,&quot;metricValue&quot;:{&quot;isStringMetric&quot;:false,&quot;value&quot;:0},&quot;filterType&quot;:&quot;metrics&quot;}]]" resourceKind="Service Level Objective" type="descendant"/>
            <SubjectType adapterKind="Container" filter="[[{&quot;condition&quot;:&quot;GREATER_THAN&quot;,&quot;metricKey&quot;:&quot;Super Metric|sm_d261250b-343b-4450-a861-f2053b9c36cf&quot;,&quot;metricValue&quot;:{&quot;isStringMetric&quot;:false,&quot;value&quot;:0},&quot;filterType&quot;:&quot;metrics&quot;}]]" resourceKind="Service Level Objective" type="self"/>
            <SubjectType adapterKind="Container" filter="[[{&quot;condition&quot;:&quot;GREATER_THAN&quot;,&quot;metricKey&quot;:&quot;Super Metric|sm_d261250b-343b-4450-a861-f2053b9c36cf&quot;,&quot;metricValue&quot;:{&quot;isStringMetric&quot;:false,&quot;value&quot;:0},&quot;filterType&quot;:&quot;metrics&quot;}]]" resourceKind="Department" type="descendant"/>
            <SubjectType adapterKind="Container" filter="[[{&quot;condition&quot;:&quot;GREATER_THAN&quot;,&quot;metricKey&quot;:&quot;Super Metric|sm_d261250b-343b-4450-a861-f2053b9c36cf&quot;,&quot;metricValue&quot;:{&quot;isStringMetric&quot;:false,&quot;value&quot;:0},&quot;filterType&quot;:&quot;metrics&quot;}]]" resourceKind="Department" type="self"/>
            <SubjectType adapterKind="VCACAdapter" filter="[[{&quot;condition&quot;:&quot;GREATER_THAN&quot;,&quot;metricKey&quot;:&quot;Super Metric|sm_d261250b-343b-4450-a861-f2053b9c36cf&quot;,&quot;metricValue&quot;:{&quot;isStringMetric&quot;:false,&quot;value&quot;:0},&quot;filterType&quot;:&quot;metrics&quot;}]]" resourceKind="TENANT" type="descendant"/>
            <SubjectType adapterKind="VCACAdapter" filter="[[{&quot;condition&quot;:&quot;GREATER_THAN&quot;,&quot;metricKey&quot;:&quot;Super Metric|sm_d261250b-343b-4450-a861-f2053b9c36cf&quot;,&quot;metricValue&quot;:{&quot;isStringMetric&quot;:false,&quot;value&quot;:0},&quot;filterType&quot;:&quot;metrics&quot;}]]" resourceKind="TENANT" type="self"/>
            <SubjectType adapterKind="VCACAdapter" filter="[[{&quot;condition&quot;:&quot;GREATER_THAN&quot;,&quot;metricKey&quot;:&quot;Super Metric|sm_d261250b-343b-4450-a861-f2053b9c36cf&quot;,&quot;metricValue&quot;:{&quot;isStringMetric&quot;:false,&quot;value&quot;:0},&quot;filterType&quot;:&quot;metrics&quot;}]]" resourceKind="BUSINESSGROUP" type="descendant"/>
            <SubjectType adapterKind="VCACAdapter" filter="[[{&quot;condition&quot;:&quot;GREATER_THAN&quot;,&quot;metricKey&quot;:&quot;Super Metric|sm_d261250b-343b-4450-a861-f2053b9c36cf&quot;,&quot;metricValue&quot;:{&quot;isStringMetric&quot;:false,&quot;value&quot;:0},&quot;filterType&quot;:&quot;metrics&quot;}]]" resourceKind="BUSINESSGROUP" type="self"/>
            <SubjectType adapterKind="Container" filter="[[{&quot;condition&quot;:&quot;GREATER_THAN&quot;,&quot;metricKey&quot;:&quot;Super Metric|sm_d261250b-343b-4450-a861-f2053b9c36cf&quot;,&quot;metricValue&quot;:{&quot;isStringMetric&quot;:false,&quot;value&quot;:0},&quot;filterType&quot;:&quot;metrics&quot;}]]" resourceKind="BusinessService" type="descendant"/>
            <SubjectType adapterKind="Container" filter="[[{&quot;condition&quot;:&quot;GREATER_THAN&quot;,&quot;metricKey&quot;:&quot;Super Metric|sm_d261250b-343b-4450-a861-f2053b9c36cf&quot;,&quot;metricValue&quot;:{&quot;isStringMetric&quot;:false,&quot;value&quot;:0},&quot;filterType&quot;:&quot;metrics&quot;}]]" resourceKind="BusinessService" type="self"/>
            <SubjectType adapterKind="Container" filter="[[{&quot;condition&quot;:&quot;GREATER_THAN&quot;,&quot;metricKey&quot;:&quot;Super Metric|sm_d261250b-343b-4450-a861-f2053b9c36cf&quot;,&quot;metricValue&quot;:{&quot;isStringMetric&quot;:false,&quot;value&quot;:0},&quot;filterType&quot;:&quot;metrics&quot;}]]" resourceKind="Location" type="descendant"/>
            <SubjectType adapterKind="Container" filter="[[{&quot;condition&quot;:&quot;GREATER_THAN&quot;,&quot;metricKey&quot;:&quot;Super Metric|sm_d261250b-343b-4450-a861-f2053b9c36cf&quot;,&quot;metricValue&quot;:{&quot;isStringMetric&quot;:false,&quot;value&quot;:0},&quot;filterType&quot;:&quot;metrics&quot;}]]" resourceKind="Location" type="self"/>
            <SubjectType adapterKind="Container" filter="[[{&quot;condition&quot;:&quot;GREATER_THAN&quot;,&quot;metricKey&quot;:&quot;Super Metric|sm_d261250b-343b-4450-a861-f2053b9c36cf&quot;,&quot;metricValue&quot;:{&quot;isStringMetric&quot;:false,&quot;value&quot;:0},&quot;filterType&quot;:&quot;metrics&quot;}]]" resourceKind="Environment" type="descendant"/>
            <SubjectType adapterKind="Container" filter="[[{&quot;condition&quot;:&quot;GREATER_THAN&quot;,&quot;metricKey&quot;:&quot;Super Metric|sm_d261250b-343b-4450-a861-f2053b9c36cf&quot;,&quot;metricValue&quot;:{&quot;isStringMetric&quot;:false,&quot;value&quot;:0},&quot;filterType&quot;:&quot;metrics&quot;}]]" resourceKind="Environment" type="self"/>
            <SubjectType adapterKind="Container" filter="[[{&quot;condition&quot;:&quot;GREATER_THAN&quot;,&quot;metricKey&quot;:&quot;Super Metric|sm_d261250b-343b-4450-a861-f2053b9c36cf&quot;,&quot;metricValue&quot;:{&quot;isStringMetric&quot;:false,&quot;value&quot;:0},&quot;filterType&quot;:&quot;metrics&quot;}]]" resourceKind="Function" type="descendant"/>
            <SubjectType adapterKind="Container" filter="[[{&quot;condition&quot;:&quot;GREATER_THAN&quot;,&quot;metricKey&quot;:&quot;Super Metric|sm_d261250b-343b-4450-a861-f2053b9c36cf&quot;,&quot;metricValue&quot;:{&quot;isStringMetric&quot;:false,&quot;value&quot;:0},&quot;filterType&quot;:&quot;metrics&quot;}]]" resourceKind="Function" type="self"/>
            <Usage>dashboard</Usage>
            <Usage>report</Usage>
            <Usage>details</Usage>
            <Usage>content</Usage>
            <Controls>
                <Control id="time-interval-selector_id_463" type="time-interval-selector" visible="false">
                    <Property name="advancedTimeMode" value="false"/>
                    <Property name="unit" value="DAYS"/>
                    <Property name="count" value="7"/>
                </Control>
                <Control id="attributes-selector_id_464" type="attributes-selector" visible="false">
                    <Property name="attributeInfos">
                        <List>
                            <Item>
<Value>
    <Property name="objectType" value="RESOURCE"/>
    <Property name="attributeKey" value="Super Metric|sm_d261250b-343b-4450-a861-f2053b9c36cf"/>
    <Property name="isStringAttribute" value="false"/>
    <Property name="rollUpType" value="NONE"/>
    <Property name="rollUpCount" value="0"/>
    <Property name="transformations">
        <List>
            <Item value="CURRENT"/>
        </List>
    </Property>
    <Property name="isProperty" value="false"/>
    <Property name="displayName" value="MTD Cost"/>
    <Property name="addTimestampAsColumn" value="false"/>
    <Property name="isShowRelativeTimestamp" value="false"/>
</Value>
                            </Item>
                            <Item>
<Value>
    <Property name="objectType" value="RESOURCE"/>
    <Property name="attributeKey" value="Super Metric|sm_5981fdeb-95a0-4cea-8f75-f5947ee2a2fd"/>
    <Property name="isStringAttribute" value="false"/>
    <Property name="rollUpType" value="NONE"/>
    <Property name="rollUpCount" value="0"/>
    <Property name="transformations">
        <List>
            <Item value="CURRENT"/>
        </List>
    </Property>
    <Property name="isProperty" value="false"/>
    <Property name="displayName" value="Projected Cost"/>
    <Property name="addTimestampAsColumn" value="false"/>
    <Property name="isShowRelativeTimestamp" value="false"/>
</Value>
                            </Item>
                            <Item>
<Value>
    <Property name="objectType" value="RESOURCE"/>
    <Property name="attributeKey" value="Super Metric|sm_b602e3ed-b4bf-451b-9460-e86d9c73ef44"/>
    <Property name="isStringAttribute" value="false"/>
    <Property name="rollUpType" value="NONE"/>
    <Property name="rollUpCount" value="0"/>
    <Property name="transformations">
        <List>
            <Item value="CURRENT"/>
        </List>
    </Property>
    <Property name="isProperty" value="false"/>
    <Property name="redBound" value="1"/>
    <Property name="ascendingRange" value="false"/>
    <Property name="displayName" value="Potential Reclaimable Cost"/>
    <Property name="addTimestampAsColumn" value="false"/>
    <Property name="isShowRelativeTimestamp" value="false"/>
</Value>
                            </Item>
                            <Item>
<Value>
    <Property name="objectType" value="RESOURCE"/>
    <Property name="attributeKey" value="Super Metric|sm_24c67822-a6f1-41ab-b488-c22974157504"/>
    <Property name="isStringAttribute" value="false"/>
    <Property name="rollUpType" value="NONE"/>
    <Property name="rollUpCount" value="0"/>
    <Property name="transformations">
        <List>
            <Item value="CURRENT"/>
        </List>
    </Property>
    <Property name="isProperty" value="false"/>
    <Property name="displayName" value="Average VM Cost"/>
    <Property name="addTimestampAsColumn" value="false"/>
    <Property name="isShowRelativeTimestamp" value="false"/>
</Value>
                            </Item>
                        </List>
                    </Property>
                </Control>
                <Control id="pagination-control_id_465" type="pagination-control" visible="true">
                    <Property name="start" value="0"/>
                    <Property name="size" value="50"/>
                </Control>
                <Control id="metadata_id_466" type="metadata" visible="false">
                    <Property name="maxPointsCount" value="5000"/>
                    <Property name="hideObjectNameColumn" value="false"/>
                    <Property name="listTopResultSize" value="-1"/>
                </Control>
            </Controls>
            <DataProviders>
                <DataProvider dataType="list-view" id="list-view_id_462"/>
            </DataProviders>
            <Presentation type="list"/>
        </ViewDef>
        <ViewDef id="b393f4c8-3bde-49cd-912f-3171b63ab393">
            <Title>Cost Over Time</Title>
            <Description/>
            <SubjectType adapterKind="CASAdapter" resourceKind="Project" type="descendant"/>
            <SubjectType adapterKind="CASAdapter" resourceKind="Project" type="self"/>
            <SubjectType adapterKind="VCACAdapter" resourceKind="DEPLOYMENT" type="descendant"/>
            <SubjectType adapterKind="VCACAdapter" resourceKind="DEPLOYMENT" type="self"/>
            <SubjectType adapterKind="CASAdapter" resourceKind="Deployment" type="descendant"/>
            <SubjectType adapterKind="CASAdapter" resourceKind="Deployment" type="self"/>
            <SubjectType adapterKind="CASAdapter" resourceKind="Organization" type="descendant"/>
            <SubjectType adapterKind="CASAdapter" resourceKind="Organization" type="self"/>
            <SubjectType adapterKind="CASAdapter" resourceKind="CloudZone" type="descendant"/>
            <SubjectType adapterKind="CASAdapter" resourceKind="CloudZone" type="self"/>
            <SubjectType adapterKind="VMWARE" resourceKind="VMFolder" type="descendant"/>
            <SubjectType adapterKind="VMWARE" resourceKind="VMFolder" type="self"/>
            <SubjectType adapterKind="VCACAdapter" resourceKind="RESERVATION" type="descendant"/>
            <SubjectType adapterKind="VCACAdapter" resourceKind="RESERVATION" type="self"/>
            <SubjectType adapterKind="Container" resourceKind="Security Zone" type="descendant"/>
            <SubjectType adapterKind="Container" resourceKind="Security Zone" type="self"/>
            <SubjectType adapterKind="VCACAdapter" resourceKind="BUSINESSGROUP" type="descendant"/>
            <SubjectType adapterKind="VCACAdapter" resourceKind="BUSINESSGROUP" type="self"/>
            <SubjectType adapterKind="VCACAdapter" resourceKind="TENANT" type="descendant"/>
            <SubjectType adapterKind="VCACAdapter" resourceKind="TENANT" type="self"/>
            <SubjectType adapterKind="Container" resourceKind="Department" type="descendant"/>
            <SubjectType adapterKind="Container" resourceKind="Department" type="self"/>
            <SubjectType adapterKind="Container" resourceKind="Service Level Objective" type="descendant"/>
            <SubjectType adapterKind="Container" resourceKind="Service Level Objective" type="self"/>
            <SubjectType adapterKind="Container" resourceKind="BusinessService" type="descendant"/>
            <SubjectType adapterKind="Container" resourceKind="BusinessService" type="self"/>
            <SubjectType adapterKind="Container" resourceKind="Location" type="descendant"/>
            <SubjectType adapterKind="Container" resourceKind="Location" type="self"/>
            <SubjectType adapterKind="Container" resourceKind="Environment" type="descendant"/>
            <SubjectType adapterKind="Container" resourceKind="Environment" type="self"/>
            <SubjectType adapterKind="Container" resourceKind="Function" type="descendant"/>
            <SubjectType adapterKind="Container" resourceKind="Function" type="self"/>
            <Usage>dashboard</Usage>
            <Usage>report</Usage>
            <Usage>details</Usage>
            <Usage>content</Usage>
            <Controls>
                <Control id="time-interval-selector_id_458" type="time-interval-selector" visible="false">
                    <Property name="advancedTimeMode" value="false"/>
                    <Property name="unit" value="MONTHS"/>
                    <Property name="count" value="3"/>
                </Control>
                <Control id="attributes-selector_id_459" type="attributes-selector" visible="false">
                    <Property name="attributeInfos">
                        <List>
                            <Item>
<Value>
    <Property name="objectType" value="RESOURCE"/>
    <Property name="attributeKey" value="Super Metric|sm_d261250b-343b-4450-a861-f2053b9c36cf"/>
    <Property name="isStringAttribute" value="false"/>
    <Property name="rollUpType" value="NONE"/>
    <Property name="rollUpCount" value="0"/>
    <Property name="transformations">
        <List>
            <Item value="NONE"/>
        </List>
    </Property>
    <Property name="isProperty" value="false"/>
    <Property name="displayName" value="MTD Cost"/>
</Value>
                            </Item>
                            <Item>
<Value>
    <Property name="objectType" value="RESOURCE"/>
    <Property name="attributeKey" value="Super Metric|sm_5981fdeb-95a0-4cea-8f75-f5947ee2a2fd"/>
    <Property name="isStringAttribute" value="false"/>
    <Property name="rollUpType" value="NONE"/>
    <Property name="rollUpCount" value="0"/>
    <Property name="transformations">
        <List>
            <Item value="NONE"/>
        </List>
    </Property>
    <Property name="isProperty" value="false"/>
    <Property name="displayName" value="Projected Cost"/>
</Value>
                            </Item>
                            <Item>
<Value>
    <Property name="objectType" value="RESOURCE"/>
    <Property name="attributeKey" value="Super Metric|sm_b602e3ed-b4bf-451b-9460-e86d9c73ef44"/>
    <Property name="isStringAttribute" value="false"/>
    <Property name="rollUpType" value="NONE"/>
    <Property name="rollUpCount" value="0"/>
    <Property name="transformations">
        <List>
            <Item value="NONE"/>
        </List>
    </Property>
    <Property name="isProperty" value="false"/>
    <Property name="displayName" value="Potential Savings"/>
</Value>
                            </Item>
                        </List>
                    </Property>
                </Control>
                <Control id="pagination-control_id_460" type="pagination-control" visible="true">
                    <Property name="start" value="0"/>
                    <Property name="size" value="25"/>
                </Control>
            </Controls>
            <DataProviders>
                <DataProvider dataType="trend-view" id="trend-view_id_457"/>
            </DataProviders>
            <Presentation type="line-chart"/>
        </ViewDef>
        <ViewDef id="b0d075f0-5f70-451e-9c90-d78aa74db73a">
            <Title>Cost per VM for this Month</Title>
            <Description/>
            <SubjectType adapterKind="VMWARE" filter="[[{&quot;condition&quot;:&quot;GREATER_THAN&quot;,&quot;metricKey&quot;:&quot;cost|monthlyTotalCost&quot;,&quot;metricValue&quot;:{&quot;isStringMetric&quot;:false,&quot;value&quot;:0},&quot;filterType&quot;:&quot;metrics&quot;}]]" resourceKind="VirtualMachine" type="descendant"/>
            <SubjectType adapterKind="VMWARE" filter="[[{&quot;condition&quot;:&quot;GREATER_THAN&quot;,&quot;metricKey&quot;:&quot;cost|monthlyTotalCost&quot;,&quot;metricValue&quot;:{&quot;isStringMetric&quot;:false,&quot;value&quot;:0},&quot;filterType&quot;:&quot;metrics&quot;}]]" resourceKind="VirtualMachine" type="self"/>
            <Usage>dashboard</Usage>
            <Usage>report</Usage>
            <Usage>details</Usage>
            <Usage>content</Usage>
            <Controls>
                <Control id="time-interval-selector_id_1735" type="time-interval-selector" visible="false">
                    <Property name="advancedTimeMode" value="false"/>
                    <Property name="unit" value="MONTHS"/>
                    <Property name="count" value="1"/>
                </Control>
                <Control id="attributes-selector_id_1736" type="attributes-selector" visible="false">
                    <Property name="attributeInfos">
                        <List>
                            <Item>
<Value>
    <Property name="objectType" value="RESOURCE"/>
    <Property name="attributeKey" value="cost|monthlyTotalCost"/>
    <Property name="id" value="extModel5927-9"/>
    <Property name="preferredUnitId" value="currency"/>
    <Property name="isStringAttribute" value="false"/>
    <Property name="adapterKind" value="VMWARE"/>
    <Property name="resourceKind" value="VirtualMachine"/>
    <Property name="rollUpType" value="NONE"/>
    <Property name="rollUpCount" value="0"/>
    <Property name="transformations">
        <List>
            <Item value="CURRENT"/>
        </List>
    </Property>
    <Property name="sortCriteria" value="false"/>
    <Property name="isProperty" value="false"/>
    <Property name="displayName" value="MTD Cost"/>
    <Property name="addTimestampAsColumn" value="false"/>
    <Property name="isShowRelativeTimestamp" value="false"/>
</Value>
                            </Item>
                            <Item>
<Value>
    <Property name="objectType" value="RESOURCE"/>
    <Property name="attributeKey" value="cost|monthlyProjectedCost"/>
    <Property name="id" value="extModel5927-2"/>
    <Property name="preferredUnitId" value="currency"/>
    <Property name="isStringAttribute" value="false"/>
    <Property name="adapterKind" value="VMWARE"/>
    <Property name="resourceKind" value="VirtualMachine"/>
    <Property name="rollUpType" value="NONE"/>
    <Property name="rollUpCount" value="0"/>
    <Property name="transformations">
        <List>
            <Item value="CURRENT"/>
        </List>
    </Property>
    <Property name="sortCriteria" value="false"/>
    <Property name="isProperty" value="false"/>
    <Property name="displayName" value="Projected Cost"/>
    <Property name="addTimestampAsColumn" value="false"/>
    <Property name="isShowRelativeTimestamp" value="false"/>
</Value>
                            </Item>
                            <Item>
<Value>
    <Property name="objectType" value="RESOURCE"/>
    <Property name="attributeKey" value="cost|reclaimableCost"/>
    <Property name="id" value="extModel19217-1"/>
    <Property name="preferredUnitId" value="currency"/>
    <Property name="isStringAttribute" value="false"/>
    <Property name="adapterKind" value="VMWARE"/>
    <Property name="resourceKind" value="VirtualMachine"/>
    <Property name="rollUpType" value="NONE"/>
    <Property name="rollUpCount" value="0"/>
    <Property name="transformations">
        <List>
            <Item value="CURRENT"/>
        </List>
    </Property>
    <Property name="sortCriteria" value="false"/>
    <Property name="isProperty" value="false"/>
    <Property name="redBound" value="1"/>
    <Property name="ascendingRange" value="false"/>
    <Property name="displayName" value="Potential Savings"/>
    <Property name="addTimestampAsColumn" value="false"/>
    <Property name="isShowRelativeTimestamp" value="false"/>
</Value>
                            </Item>
                            <Item>
<Value>
    <Property name="objectType" value="RESOURCE"/>
    <Property name="attributeKey" value="summary|runtime|powerState"/>
    <Property name="isStringAttribute" value="true"/>
    <Property name="adapterKind" value="VMWARE"/>
    <Property name="resourceKind" value="VirtualMachine"/>
    <Property name="rollUpCount" value="0"/>
    <Property name="transformations">
        <List>
            <Item value="CURRENT"/>
        </List>
    </Property>
    <Property name="isProperty" value="true"/>
    <Property name="redBound" value="Powered Off"/>
    <Property name="ascendingRange" value="true"/>
    <Property name="displayName" value="Power State"/>
    <Property name="addTimestampAsColumn" value="false"/>
    <Property name="isShowRelativeTimestamp" value="false"/>
</Value>
                            </Item>
                            <Item>
<Value>
    <Property name="objectType" value="RESOURCE"/>
    <Property name="attributeKey" value="config|hardware|num_Cpu"/>
    <Property name="preferredUnitId" value="7004"/>
    <Property name="isStringAttribute" value="false"/>
    <Property name="adapterKind" value="VMWARE"/>
    <Property name="resourceKind" value="VirtualMachine"/>
    <Property name="rollUpType" value="NONE"/>
    <Property name="rollUpCount" value="0"/>
    <Property name="transformations">
        <List>
            <Item value="CURRENT"/>
        </List>
    </Property>
    <Property name="isProperty" value="false"/>
    <Property name="displayName" value="vCPU(s) Provisioned"/>
    <Property name="addTimestampAsColumn" value="false"/>
    <Property name="isShowRelativeTimestamp" value="false"/>
</Value>
                            </Item>
                            <Item>
<Value>
    <Property name="objectType" value="RESOURCE"/>
    <Property name="attributeKey" value="cpu|workload"/>
    <Property name="id" value="extModel19217-3"/>
    <Property name="preferredUnitId" value="percent"/>
    <Property name="isStringAttribute" value="false"/>
    <Property name="adapterKind" value="VMWARE"/>
    <Property name="resourceKind" value="VirtualMachine"/>
    <Property name="rollUpType" value="NONE"/>
    <Property name="rollUpCount" value="0"/>
    <Property name="percentile" value="95"/>
    <Property name="transformations">
        <List>
            <Item value="PERCENTILE"/>
        </List>
    </Property>
    <Property name="isProperty" value="false"/>
    <Property name="displayName" value="CPU Workload (95 %ile)"/>
    <Property name="addTimestampAsColumn" value="false"/>
    <Property name="isShowRelativeTimestamp" value="false"/>
</Value>
                            </Item>
                            <Item>
<Value>
    <Property name="objectType" value="RESOURCE"/>
    <Property name="attributeKey" value="mem|guest_provisioned"/>
    <Property name="id" value="extModel19217-4"/>
    <Property name="preferredUnitId" value="auto"/>
    <Property name="isStringAttribute" value="false"/>
    <Property name="adapterKind" value="VMWARE"/>
    <Property name="resourceKind" value="VirtualMachine"/>
    <Property name="rollUpType" value="NONE"/>
    <Property name="rollUpCount" value="0"/>
    <Property name="transformations">
        <List>
            <Item value="CURRENT"/>
        </List>
    </Property>
    <Property name="isProperty" value="false"/>
    <Property name="displayName" value="Memory Provisioned"/>
    <Property name="addTimestampAsColumn" value="false"/>
    <Property name="isShowRelativeTimestamp" value="false"/>
</Value>
                            </Item>
                            <Item>
<Value>
    <Property name="objectType" value="RESOURCE"/>
    <Property name="attributeKey" value="mem|workload"/>
    <Property name="id" value="extModel19217-5"/>
    <Property name="preferredUnitId" value="percent"/>
    <Property name="isStringAttribute" value="false"/>
    <Property name="adapterKind" value="VMWARE"/>
    <Property name="resourceKind" value="VirtualMachine"/>
    <Property name="rollUpType" value="NONE"/>
    <Property name="rollUpCount" value="0"/>
    <Property name="percentile" value="95"/>
    <Property name="transformations">
        <List>
            <Item value="PERCENTILE"/>
        </List>
    </Property>
    <Property name="isProperty" value="false"/>
    <Property name="displayName" value="Memory Workload (95 %ile)"/>
    <Property name="addTimestampAsColumn" value="false"/>
    <Property name="isShowRelativeTimestamp" value="false"/>
</Value>
                            </Item>
                            <Item>
<Value>
    <Property name="objectType" value="RESOURCE"/>
    <Property name="attributeKey" value="diskspace|provisionedSpace"/>
    <Property name="id" value="extModel19217-6"/>
    <Property name="preferredUnitId" value="auto"/>
    <Property name="isStringAttribute" value="false"/>
    <Property name="adapterKind" value="VMWARE"/>
    <Property name="resourceKind" value="VirtualMachine"/>
    <Property name="rollUpType" value="NONE"/>
    <Property name="rollUpCount" value="0"/>
    <Property name="transformations">
        <List>
            <Item value="CURRENT"/>
        </List>
    </Property>
    <Property name="isProperty" value="false"/>
    <Property name="displayName" value="Disk Space Provisioned"/>
    <Property name="addTimestampAsColumn" value="false"/>
    <Property name="isShowRelativeTimestamp" value="false"/>
</Value>
                            </Item>
                            <Item>
<Value>
    <Property name="objectType" value="RESOURCE"/>
    <Property name="attributeKey" value="diskspace|workload"/>
    <Property name="id" value="extModel19217-7"/>
    <Property name="preferredUnitId" value="percent"/>
    <Property name="isStringAttribute" value="false"/>
    <Property name="adapterKind" value="VMWARE"/>
    <Property name="resourceKind" value="VirtualMachine"/>
    <Property name="rollUpType" value="NONE"/>
    <Property name="rollUpCount" value="0"/>
    <Property name="transformations">
        <List>
            <Item value="CURRENT"/>
        </List>
    </Property>
    <Property name="isProperty" value="false"/>
    <Property name="displayName" value="Disk Space Usage"/>
    <Property name="addTimestampAsColumn" value="false"/>
    <Property name="isShowRelativeTimestamp" value="false"/>
</Value>
                            </Item>
                        </List>
                    </Property>
                    <Property name="summaryInfos">
                        <List>
                            <Item>
<Value>
    <Property name="displayName" value="Summary"/>
    <Property name="aggregation" value="SUM"/>
    <Property name="attributeIndexes">
        <List>
            <Item value="0"/>
            <Item value="1"/>
            <Item value="2"/>
            <Item value="3"/>
            <Item value="4"/>
            <Item value="6"/>
            <Item value="8"/>
        </List>
    </Property>
</Value>
                            </Item>
                        </List>
                    </Property>
                </Control>
                <Control id="pagination-control_id_1737" type="pagination-control" visible="true">
                    <Property name="start" value="0"/>
                    <Property name="size" value="50"/>
                </Control>
                <Control id="metadata_id_1738" type="metadata" visible="false">
                    <Property name="maxPointsCount" value="5000"/>
                    <Property name="hideObjectNameColumn" value="false"/>
                    <Property name="listTopResultSize" value="-1"/>
                </Control>
            </Controls>
            <DataProviders>
                <DataProvider dataType="list-view" id="list-view_id_1734"/>
            </DataProviders>
            <Presentation type="list"/>
        </ViewDef>
        <ViewDef id="8058f9f8-83b7-49b3-9708-41ffdf2fb43b">
            <Title>Monthly Cost for Selected Object</Title>
            <Description/>
            <SubjectType adapterKind="CASAdapter" resourceKind="Project" type="descendant"/>
            <SubjectType adapterKind="CASAdapter" resourceKind="Project" type="self"/>
            <SubjectType adapterKind="CASAdapter" resourceKind="Deployment" type="descendant"/>
            <SubjectType adapterKind="CASAdapter" resourceKind="Deployment" type="self"/>
            <SubjectType adapterKind="VCACAdapter" resourceKind="DEPLOYMENT" type="descendant"/>
            <SubjectType adapterKind="VCACAdapter" resourceKind="DEPLOYMENT" type="self"/>
            <SubjectType adapterKind="CASAdapter" resourceKind="Organization" type="descendant"/>
            <SubjectType adapterKind="CASAdapter" resourceKind="Organization" type="self"/>
            <SubjectType adapterKind="CASAdapter" resourceKind="CloudZone" type="descendant"/>
            <SubjectType adapterKind="CASAdapter" resourceKind="CloudZone" type="self"/>
            <SubjectType adapterKind="Container" resourceKind="Security Zone" type="descendant"/>
            <SubjectType adapterKind="Container" resourceKind="Security Zone" type="self"/>
            <SubjectType adapterKind="VCACAdapter" resourceKind="RESERVATION" type="descendant"/>
            <SubjectType adapterKind="VCACAdapter" resourceKind="RESERVATION" type="self"/>
            <SubjectType adapterKind="VMWARE" resourceKind="VMFolder" type="descendant"/>
            <SubjectType adapterKind="VMWARE" resourceKind="VMFolder" type="self"/>
            <SubjectType adapterKind="Container" resourceKind="Service Level Objective" type="descendant"/>
            <SubjectType adapterKind="Container" resourceKind="Service Level Objective" type="self"/>
            <SubjectType adapterKind="Container" resourceKind="Department" type="descendant"/>
            <SubjectType adapterKind="Container" resourceKind="Department" type="self"/>
            <SubjectType adapterKind="VCACAdapter" resourceKind="TENANT" type="descendant"/>
            <SubjectType adapterKind="VCACAdapter" resourceKind="TENANT" type="self"/>
            <SubjectType adapterKind="VCACAdapter" resourceKind="BUSINESSGROUP" type="descendant"/>
            <SubjectType adapterKind="VCACAdapter" resourceKind="BUSINESSGROUP" type="self"/>
            <SubjectType adapterKind="Container" resourceKind="BusinessService" type="descendant"/>
            <SubjectType adapterKind="Container" resourceKind="BusinessService" type="self"/>
            <SubjectType adapterKind="Container" resourceKind="Location" type="descendant"/>
            <SubjectType adapterKind="Container" resourceKind="Location" type="self"/>
            <SubjectType adapterKind="Container" resourceKind="Environment" type="descendant"/>
            <SubjectType adapterKind="Container" resourceKind="Environment" type="self"/>
            <SubjectType adapterKind="Container" resourceKind="Function" type="descendant"/>
            <SubjectType adapterKind="Container" resourceKind="Function" type="self"/>
            <Usage>dashboard</Usage>
            <Usage>report</Usage>
            <Usage>details</Usage>
            <Usage>content</Usage>
            <Controls>
                <Control id="time-interval-selector_id_470" type="time-interval-selector" visible="false">
                    <Property name="advancedTimeMode" value="false"/>
                    <Property name="unit" value="MONTHS"/>
                    <Property name="count" value="12"/>
                </Control>
                <Control id="attributes-selector_id_471" type="attributes-selector" visible="false">
                    <Property name="attributeInfos">
                        <List>
                            <Item>
<Value>
    <Property name="objectType" value="RESOURCE"/>
    <Property name="attributeKey" value="Interval Breakdown"/>
    <Property name="rollUpCount" value="0"/>
    <Property name="isTimeSegment" value="true"/>
    <Property name="breakdownBy" value="MONTHS"/>
    <Property name="startingOnUnit" value="WEEKS"/>
    <Property name="startingOnCount" value="1"/>
</Value>
                            </Item>
                            <Item>
<Value>
    <Property name="objectType" value="RESOURCE"/>
    <Property name="attributeKey" value="Super Metric|sm_d261250b-343b-4450-a861-f2053b9c36cf"/>
    <Property name="isStringAttribute" value="false"/>
    <Property name="rollUpType" value="NONE"/>
    <Property name="rollUpCount" value="0"/>
    <Property name="transformations">
        <List>
            <Item value="CURRENT"/>
        </List>
    </Property>
    <Property name="isProperty" value="false"/>
    <Property name="displayName" value="MTD Cost"/>
    <Property name="addTimestampAsColumn" value="false"/>
    <Property name="isShowRelativeTimestamp" value="false"/>
</Value>
                            </Item>
                            <Item>
<Value>
    <Property name="objectType" value="RESOURCE"/>
    <Property name="attributeKey" value="Super Metric|sm_b602e3ed-b4bf-451b-9460-e86d9c73ef44"/>
    <Property name="isStringAttribute" value="false"/>
    <Property name="rollUpType" value="NONE"/>
    <Property name="rollUpCount" value="0"/>
    <Property name="transformations">
        <List>
            <Item value="CURRENT"/>
        </List>
    </Property>
    <Property name="isProperty" value="false"/>
    <Property name="redBound" value="1"/>
    <Property name="ascendingRange" value="false"/>
    <Property name="displayName" value="Potential Reclaimable Cost"/>
    <Property name="addTimestampAsColumn" value="false"/>
    <Property name="isShowRelativeTimestamp" value="false"/>
</Value>
                            </Item>
                            <Item>
<Value>
    <Property name="objectType" value="RESOURCE"/>
    <Property name="attributeKey" value="Super Metric|sm_24c67822-a6f1-41ab-b488-c22974157504"/>
    <Property name="isStringAttribute" value="false"/>
    <Property name="rollUpType" value="NONE"/>
    <Property name="rollUpCount" value="0"/>
    <Property name="transformations">
        <List>
            <Item value="CURRENT"/>
        </List>
    </Property>
    <Property name="isProperty" value="false"/>
    <Property name="displayName" value="Average VM Cost"/>
    <Property name="addTimestampAsColumn" value="false"/>
    <Property name="isShowRelativeTimestamp" value="false"/>
</Value>
                            </Item>
                        </List>
                    </Property>
                </Control>
                <Control id="pagination-control_id_472" type="pagination-control" visible="true">
                    <Property name="start" value="0"/>
                    <Property name="size" value="50"/>
                </Control>
                <Control id="metadata_id_473" type="metadata" visible="false">
                    <Property name="maxPointsCount" value="5000"/>
                    <Property name="hideObjectNameColumn" value="false"/>
                    <Property name="listTopResultSize" value="-1"/>
                </Control>
            </Controls>
            <DataProviders>
                <DataProvider dataType="list-view" id="list-view_id_469"/>
            </DataProviders>
            <Presentation type="list"/>
        </ViewDef>
    </Views>
</Content>
